Hugo_Symbol	Gene_Symbol	Ensembl_ID	Chromosome	Start_Position	End_Position	Variant_Classification	Variant_Type	Reference_Allele	Tumor_Seq_Allele	Tumor_Sample_Barcode	HGVSp_Short	Variant	Pathogenicity	Mutation_Status	VAF
KRAS	KRAS	ENSG00000133703	12	25398284	25398284	Missense_Mutation	SNP	C	A	PAAD-SAMPLE-004	p.G12V	c.35G>T	Pathogenic	Somatic	0.61
TP53	TP53	ENSG00000141510	17	7674220	7674220	Nonsense_Mutation	SNP	C	T	PAAD-SAMPLE-004	p.R213*	c.637C>T	Pathogenic	Somatic	0.57
SMAD4	SMAD4	ENSG00000141646	18	48591918	48591921	Frameshift_Del	DEL	ACGT	-	PAAD-SAMPLE-004	p.R361fs	c.1081_1084delACGT	Pathogenic	Somatic	0.49
CDKN2A	CDKN2A	ENSG00000147889	9	21971186	21971186	Nonsense_Mutation	SNP	G	T	PAAD-SAMPLE-004	p.E61*	c.181G>T	Pathogenic	Somatic	0.44
BRCA2	BRCA2	ENSG00000139618	13	32914438	32914441	Frameshift_Del	DEL	TTAG	-	PAAD-SAMPLE-004	p.K3326fs	c.9976_9979delTTAG	Pathogenic	Somatic	0.38
RNF43	RNF43	ENSG00000108375	17	56397431	56397431	Nonsense_Mutation	SNP	G	A	PAAD-SAMPLE-004	p.W659*	c.1977G>A	Pathogenic	Somatic	0.31
TTN	TTN	ENSG00000155657	2	179393004	179393004	Missense_Mutation	SNP	G	C	PAAD-SAMPLE-004	p.R14167P	c.42500G>C	Variant of Uncertain Significance	Somatic	0.27
ARID1A	ARID1A	ENSG00000117713	1	26780603	26780603	Splice_Site	SNP	G	A	PAAD-SAMPLE-004	p.X1518_splice	c.4552+1G>A	Pathogenic	Somatic	0.24
MUC16	MUC16	ENSG00000181143	19	9042526	9042526	Missense_Mutation	SNP	A	T	PAAD-SAMPLE-004	p.S11977T	c.35930A>T	Likely Pathogenic	Somatic	0.21
KMT2C	KMT2C	ENSG00000055609	7	151945060	151945061	Frameshift_Del	DEL	AT	-	PAAD-SAMPLE-004	p.L2364fs	c.7090_7091delAT	Likely Pathogenic	Somatic	0.18
PBRM1	PBRM1	ENSG00000163565	3	52579751	52579751	Nonsense_Mutation	SNP	C	T	PAAD-SAMPLE-004	p.Q820*	c.2458C>T	Pathogenic	Somatic	0.15
TGFBR2	TGFBR2	ENSG00000163513	3	30691871	30691872	Frameshift_Ins	INS	-	AT	PAAD-SAMPLE-004	p.K128fs	c.383_384insAT	Pathogenic	Somatic	0.13
